time,q_[0],q_[1],q_[2],q_[3],q_[4],q_[5],q_[6],q_[7],desired_q_[0],desired_q_[1],desired_q_[2],desired_q_[3],desired_q_[4],desired_q_[5],desired_q_[6],desired_q_[7],desired_torque_[0],desired_torque_[1],desired_torque_[2],desired_torque_[3],desired_torque_[4],desired_torque_[5],desired_torque_[6],desired_torque_[7]
0.0000,0.0000,0.4363,-0.8727,0.4363,0.0000,0.4363,-0.8727,0.4363,0.0000,0.6390,-1.4000,0.7540,0.0000,0.6390,-1.4000,0.7540,0.0000,0.9931,-0.7145,0.0100,0.0000,0.9931,-0.7145,0.0100
0.0067,-0.0002,0.4391,-0.8845,0.4450,0.0002,0.4391,-0.8845,0.4450,0.0000,0.6390,-1.4000,0.7540,0.0000,0.6390,-1.4000,0.7540,1.6326,-1.2828,2.5000,0.0091,-1.3463,-0.7033,2.5000,0.0091
0.0133,0.0025,0.4388,-0.9041,0.5646,-0.0011,0.4402,-0.9043,0.5672,0.0000,0.6390,-1.4000,0.7540,0.0000,0.6390,-1.4000,0.7540,-0.9336,2.5000,2.5000,-0.0031,-0.0151,2.5000,2.5000,-0.0048
0.0200,0.0080,0.4416,-0.9152,0.5114,-0.0086,0.4475,-0.9160,0.5593,0.0000,0.6390,-1.4000,0.7540,0.0000,0.6390,-1.4000,0.7540,-0.9336,2.5000,2.5000,0.0100,-0.0151,2.5000,2.5000,0.0100
0.0267,0.0022,0.4889,-0.9240,0.5364,-0.0176,0.4994,-0.9251,0.4754,0.0000,0.6390,-1.4000,0.7540,0.0000,0.6390,-1.4000,0.7540,2.5000,-2.5000,2.5000,0.0061,0.9591,-2.5000,2.5000,0.0100
0.0333,0.0019,0.5555,-0.9294,0.3655,-0.0149,0.5695,-0.9303,0.4094,0.0000,0.6390,-1.4000,0.7540,0.0000,0.6390,-1.4000,0.7540,2.5000,-2.5000,2.5000,0.0100,0.9591,-2.5000,2.5000,0.0100
0.0400,0.0250,0.5837,-0.9314,0.3719,0.0020,0.5992,-0.9302,0.4088,0.0000,0.6390,-1.4000,0.7540,0.0000,0.6390,-1.4000,0.7540,-2.5000,-2.5000,2.5000,0.0100,-2.5000,-2.5000,2.5000,0.0100
0.0467,0.0309,0.5825,-0.9299,0.3978,0.0049,0.6012,-0.9310,0.4144,0.0000,0.6390,-1.4000,0.7540,0.0000,0.6390,-1.4000,0.7540,1.5238,-2.5000,2.5000,0.0100,-2.1475,-2.5000,2.5000,0.0100
0.0533,0.0156,0.5560,-0.9225,0.4233,-0.0112,0.5828,-0.9345,0.4279,0.0000,0.6390,-1.4000,0.7540,0.0000,0.6390,-1.4000,0.7540,2.5000,2.5000,1.9286,0.0092,2.5000,2.5000,2.5000,0.0096
0.0600,0.0091,0.5274,-0.9223,0.4431,-0.0174,0.5585,-0.9386,0.4373,0.0000,0.6390,-1.4000,0.7540,0.0000,0.6390,-1.4000,0.7540,2.5000,2.5000,1.9286,0.0093,2.5000,2.5000,2.5000,0.0100
0.0667,0.0192,0.5268,-0.9407,0.4471,-0.0042,0.5575,-0.9495,0.4209,0.0000,0.6390,-1.4000,0.7540,0.0000,0.6390,-1.4000,0.7540,-1.6961,2.4827,2.5000,0.0100,-1.7269,1.8943,2.5000,0.0100
0.0733,0.0190,0.5486,-0.9611,0.4037,0.0031,0.5788,-0.9636,0.3582,0.0000,0.6390,-1.4000,0.7540,0.0000,0.6390,-1.4000,0.7540,2.5000,-2.5000,2.5000,0.0100,-0.2133,-2.5000,2.5000,0.0100
0.0800,0.0081,0.5685,-0.9716,0.4331,-0.0073,0.5990,-0.9698,0.3768,0.0000,0.6390,-1.4000,0.7540,0.0000,0.6390,-1.4000,0.7540,2.5000,-2.5000,2.5000,0.0088,0.2144,-2.5000,2.5000,0.0100
0.0867,0.0179,0.5435,-0.9677,0.3985,-0.0098,0.5746,-0.9634,0.3625,0.0000,0.6390,-1.4000,0.7540,0.0000,0.6390,-1.4000,0.7540,-0.1331,2.5000,2.5000,0.0023,1.9357,2.5000,2.5000,0.0100
0.0933,0.0236,0.5039,-0.9599,0.4788,-0.0090,0.5396,-0.9561,0.3646,0.0000,0.6390,-1.4000,0.7540,0.0000,0.6390,-1.4000,0.7540,-2.5000,2.5000,1.8984,0.0100,0.1719,2.5000,2.5000,0.0100
0.1000,0.0198,0.5054,-0.9593,0.3715,-0.0081,0.5356,-0.9593,0.3728,0.0000,0.6390,-1.4000,0.7540,0.0000,0.6390,-1.4000,0.7540,1.3670,2.1758,2.5000,0.0100,2.5000,2.5000,2.5000,0.0100
0.1067,0.0096,0.5323,-0.9681,0.3923,-0.0129,0.5561,-0.9698,0.3640,0.0000,0.6390,-1.4000,0.7540,0.0000,0.6390,-1.4000,0.7540,2.5000,-2.5000,2.5000,0.0089,2.1779,-2.5000,2.5000,0.0100
0.1133,0.0133,0.5639,-0.9778,0.4242,-0.0049,0.5831,-0.9766,0.3564,0.0000,0.6390,-1.4000,0.7540,0.0000,0.6390,-1.4000,0.7540,2.5000,-2.5000,2.5000,0.0093,2.1779,-2.5000,2.5000,0.0100
0.1200,0.0189,0.5714,-0.9768,0.4436,0.0029,0.5861,-0.9712,0.3703,0.0000,0.6390,-1.4000,0.7540,0.0000,0.6390,-1.4000,0.7540,2.5000,-2.5000,2.5000,0.0091,-2.5000,-2.5000,2.5000,0.0100
0.1267,0.0223,0.5566,-0.9679,0.4591,0.0074,0.5686,-0.9597,0.3950,0.0000,0.6390,-1.4000,0.7540,0.0000,0.6390,-1.4000,0.7540,-0.4898,2.5000,2.5000,0.0086,-2.5000,2.5000,2.5000,0.0100
0.1333,0.0166,0.5397,-0.9589,0.4503,0.0014,0.5501,-0.9523,0.3968,0.0000,0.6390,-1.4000,0.7540,0.0000,0.6390,-1.4000,0.7540,-0.4898,2.5000,2.5000,0.0100,-2.5000,2.5000,2.5000,0.0100
0.1400,-0.0050,0.5537,-0.9583,0.3768,-0.0214,0.5606,-0.9579,0.3512,0.0000,0.6390,-1.4000,0.7540,0.0000,0.6390,-1.4000,0.7540,2.5000,-2.5000,2.5000,0.0100,2.5000,-2.5000,2.5000,0.0100
0.1467,-0.0084,0.5771,-0.9589,0.3972,-0.0228,0.5780,-0.9621,0.3677,0.0000,0.6390,-1.4000,0.7540,0.0000,0.6390,-1.4000,0.7540,2.5000,-2.5000,2.5000,0.0100,2.5000,-2.5000,2.5000,0.0100
0.1533,0.0325,0.5596,-0.9515,0.4014,0.0207,0.5526,-0.9556,0.3565,0.0000,0.6390,-1.4000,0.7540,0.0000,0.6390,-1.4000,0.7540,-2.5000,2.5000,2.5000,0.0100,-2.5000,2.5000,2.5000,0.0100
0.1600,0.0471,0.5251,-0.9426,0.3747,0.0436,0.5197,-0.9491,0.3883,0.0000,0.6390,-1.4000,0.7540,0.0000,0.6390,-1.4000,0.7540,-0.1228,2.5000,2.5000,0.0100,-2.5000,2.5000,0.5612,0.0100
0.1667,0.0203,0.5326,-0.9387,0.3795,0.0316,0.5263,-0.9694,0.4029,0.0000,0.6390,-1.4000,0.7540,0.0000,0.6390,-1.4000,0.7540,-0.1228,2.5000,2.5000,0.0100,-2.5000,2.5000,0.5612,0.0100
0.1733,-0.0263,0.5848,-0.9379,0.3647,-0.0114,0.5836,-1.0209,0.4978,0.0000,0.6390,-1.4000,0.7540,0.0000,0.6390,-1.4000,0.7540,2.5000,-2.5000,2.5000,0.0100,2.5000,-2.5000,2.5000,-0.0041
0.1800,-0.0436,0.6514,-0.9360,0.3876,-0.0388,0.6512,-1.0541,0.4917,0.0000,0.6390,-1.4000,0.7540,0.0000,0.6390,-1.4000,0.7540,2.5000,-2.5000,2.5000,0.0100,2.5000,-2.5000,2.5000,0.0100
0.1867,-0.0007,0.6760,-0.9292,0.3377,-0.0080,0.6660,-1.0542,0.5259,0.0000,0.6390,-1.4000,0.7540,0.0000,0.6390,-1.4000,0.7540,-2.5000,-2.5000,2.5000,0.0100,-2.5000,-2.5000,2.5000,0.0044
0.1933,0.0570,0.6600,-0.9198,0.2846,0.0381,0.6382,-1.0373,0.2744,0.0000,0.6390,-1.4000,0.7540,0.0000,0.6390,-1.4000,0.7540,-2.5000,-2.5000,2.5000,0.0100,-2.5000,-2.5000,2.5000,0.0100
0.2000,0.0582,0.6040,-0.9093,0.2213,0.0286,0.5708,-1.0160,0.4061,0.0000,0.6390,-1.4000,0.7540,0.0000,0.6390,-1.4000,0.7540,-2.5000,2.5000,-1.4894,0.0100,-0.4907,2.5000,2.5000,0.0018
0.2067,0.0217,0.5557,-0.9634,0.3170,-0.0020,0.5157,-1.0102,0.5299,0.0000,0.6390,-1.4000,0.7540,0.0000,0.6390,-1.4000,0.7540,-2.5000,2.5000,-1.4894,-0.0031,-0.4907,2.5000,2.5000,0.0026
0.2133,-0.0349,0.6051,-1.2630,0.6873,-0.0291,0.4996,-1.0273,0.5886,0.0000,0.6390,-1.4000,0.7540,0.0000,0.6390,-1.4000,0.7540,2.5000,-2.5000,2.5000,-0.0100,2.5000,2.5000,2.5000,0.0032
0.2200,-0.0567,0.6818,-1.6186,0.8034,-0.0285,0.5021,-1.0462,0.6080,0.0000,0.6390,-1.4000,0.7540,0.0000,0.6390,-1.4000,0.7540,2.5000,-2.5000,2.5000,0.0100,2.5000,2.5000,2.5000,0.0047
0.2267,-0.0136,0.6767,-1.6786,0.6863,-0.0008,0.5042,-1.0556,0.5917,0.0000,0.6390,-1.4000,0.7540,0.0000,0.6390,-1.4000,0.7540,-2.5000,2.5000,2.5000,-0.0009,-2.5000,2.5000,2.5000,0.0067
0.2333,0.0547,0.6230,-1.4657,0.7287,0.0322,0.5134,-1.0622,0.5571,0.0000,0.6390,-1.4000,0.7540,0.0000,0.6390,-1.4000,0.7540,-2.5000,-2.5000,2.5000,0.0047,2.5000,-2.5000,2.5000,0.0085
0.2400,0.0748,0.5276,-0.9727,0.5615,0.0337,0.5282,-1.0629,0.4698,0.0000,0.6390,-1.4000,0.7540,0.0000,0.6390,-1.4000,0.7540,-2.5000,-2.5000,2.5000,0.0100,2.5000,-2.5000,2.5000,0.0100
0.2467,0.0775,0.4234,-0.5741,0.2301,0.0296,0.5165,-1.0501,0.3934,0.0000,0.6390,-1.4000,0.7540,0.0000,0.6390,-1.4000,0.7540,-2.5000,-2.5000,2.5000,0.0100,2.5000,-2.5000,2.5000,0.0100
0.2533,0.0736,0.3614,-0.4028,0.0808,0.0223,0.4838,-1.0316,0.3450,0.0000,0.6390,-1.4000,0.7540,0.0000,0.6390,-1.4000,0.7540,-2.5000,-2.5000,-1.9796,0.0100,2.5000,0.2068,2.5000,0.0100
0.2600,0.0664,0.3286,-0.3659,0.0262,0.0139,0.4373,-1.0131,0.3241,0.0000,0.6390,-1.4000,0.7540,0.0000,0.6390,-1.4000,0.7540,-2.5000,-2.5000,-1.9796,0.0100,2.5000,0.2068,2.5000,0.0100
0.2667,0.0579,0.3241,-0.4250,0.0299,0.0062,0.3865,-0.9988,0.3167,0.0000,0.6390,-1.4000,0.7540,0.0000,0.6390,-1.4000,0.7540,-2.5000,-2.5000,2.5000,0.0100,2.5000,2.5000,2.5000,0.0100
0.2733,0.0490,0.3322,-0.5325,0.0660,0.0006,0.3354,-0.9901,0.3150,0.0000,0.6390,-1.4000,0.7540,0.0000,0.6390,-1.4000,0.7540,-2.5000,-2.5000,2.5000,0.0100,2.5000,2.5000,2.5000,0.0100
0.2800,0.0402,0.3239,-0.6147,0.0970,-0.0015,0.2944,-0.9897,0.3956,0.0000,0.6390,-1.4000,0.7540,0.0000,0.6390,-1.4000,0.7540,-2.5000,0.9729,2.5000,0.0100,2.5000,2.5000,-2.5000,0.0075
0.2867,0.0256,0.3124,-0.6782,0.0801,0.0050,0.2980,-1.1064,0.4949,0.0000,0.6390,-1.4000,0.7540,0.0000,0.6390,-1.4000,0.7540,-2.5000,0.9729,2.5000,0.0100,2.5000,2.5000,-2.5000,-0.0098
0.2933,-0.0167,0.3258,-0.7318,0.0541,0.0217,0.4076,-1.5735,0.7298,0.0000,0.6390,-1.4000,0.7540,0.0000,0.6390,-1.4000,0.7540,2.5000,-2.5000,2.5000,0.0100,-2.5000,-2.5000,2.5000,-0.0029
0.3000,-0.0557,0.3418,-0.7733,0.4762,0.0293,0.5226,-2.0783,0.5480,0.0000,0.6390,-1.4000,0.7540,0.0000,0.6390,-1.4000,0.7540,2.5000,-2.5000,2.5000,-0.0100,-2.5000,-2.5000,2.5000,0.0100
0.3067,-0.0702,0.3215,-0.8002,0.6856,0.0151,0.5375,-2.2753,0.3301,0.0000,0.6390,-1.4000,0.7540,0.0000,0.6390,-1.4000,0.7540,2.5000,2.5000,2.5000,-0.0034,-2.5000,2.5000,2.5000,0.0100
0.3133,-0.0673,0.2963,-0.8212,0.6827,-0.0254,0.5130,-2.2249,0.4985,0.0000,0.6390,-1.4000,0.7540,0.0000,0.6390,-1.4000,0.7540,-2.5000,2.5000,2.5000,0.0082,2.5000,2.5000,2.5000,-0.0093
0.3200,-0.0412,0.3141,-0.8430,0.6398,-0.0490,0.5262,-1.9561,0.7101,0.0000,0.6390,-1.4000,0.7540,0.0000,0.6390,-1.4000,0.7540,-2.5000,2.5000,2.5000,-0.0040,2.5000,2.5000,2.5000,0.0067
0.3267,-0.0219,0.3749,-0.8633,0.6956,-0.0454,0.5406,-1.4576,0.6530,0.0000,0.6390,-1.4000,0.7540,0.0000,0.6390,-1.4000,0.7540,-2.5000,-2.5000,2.5000,0.0053,2.5000,-2.5000,2.5000,0.0012
0.3333,-0.0100,0.4462,-0.8778,0.6897,-0.0130,0.4787,-0.7457,0.7713,0.0000,0.6390,-1.4000,0.7540,0.0000,0.6390,-1.4000,0.7540,-2.5000,-2.5000,2.5000,-0.0052,2.5000,-2.5000,2.5000,-0.0100
0.3400,-0.0133,0.4740,-0.8839,0.7189,0.0343,0.4118,-0.3453,0.9646,0.0000,0.6390,-1.4000,0.7540,0.0000,0.6390,-1.4000,0.7540,-2.5000,-2.5000,-0.0624,0.0065,2.5000,-2.5000,2.5000,-0.0091
0.3467,-0.0189,0.4579,-0.8907,0.6629,0.0595,0.3567,-0.1946,0.8090,0.0000,0.6390,-1.4000,0.7540,0.0000,0.6390,-1.4000,0.7540,-2.5000,-2.5000,-0.0624,-0.0033,2.5000,-2.5000,2.5000,0.0100
0.3533,-0.0225,0.3993,-0.9083,0.7367,0.0688,0.2909,-0.1801,0.7646,0.0000,0.6390,-1.4000,0.7540,0.0000,0.6390,-1.4000,0.7540,-2.5000,2.5000,-0.5078,0.0005,2.5000,-2.5000,-2.5000,-0.0100
0.3600,-0.0246,0.3257,-0.9699,0.7284,0.0695,0.2255,-0.3190,1.1131,0.0000,0.6390,-1.4000,0.7540,0.0000,0.6390,-1.4000,0.7540,-2.5000,2.5000,-0.5078,-0.0011,2.5000,-2.5000,-2.5000,-0.0100
0.3667,-0.0259,0.3064,-1.1621,0.7778,0.0661,0.2101,-0.7715,1.1774,0.0000,0.6390,-1.4000,0.7540,0.0000,0.6390,-1.4000,0.7540,-2.5000,2.5000,2.5000,-0.0036,-2.5000,2.5000,2.5000,-0.0087
0.3733,-0.0269,0.3174,-1.3424,0.6835,0.0507,0.1860,-1.2706,0.7590,0.0000,0.6390,-1.4000,0.7540,0.0000,0.6390,-1.4000,0.7540,-2.5000,2.5000,2.5000,0.0100,2.5000,2.5000,2.5000,0.0100
0.3800,-0.0270,0.3329,-1.2812,0.4338,0.0184,0.1557,-1.5156,-0.0129,0.0000,0.6390,-1.4000,0.7540,0.0000,0.6390,-1.4000,0.7540,-2.5000,2.5000,2.5000,0.0100,2.5000,2.5000,2.5000,0.0100
0.3867,-0.0259,0.3460,-0.9915,0.5602,0.0036,0.1445,-1.5456,-0.4199,0.0000,0.6390,-1.4000,0.7540,0.0000,0.6390,-1.4000,0.7540,-2.5000,-2.5000,2.5000,-0.0100,2.5000,2.5000,2.5000,0.0100
0.3933,-0.0244,0.3847,-0.7787,0.9404,0.0150,0.1458,-1.3612,-0.4447,0.0000,0.6390,-1.4000,0.7540,0.0000,0.6390,-1.4000,0.7540,-2.5000,-2.5000,2.5000,-0.0100,2.5000,2.5000,2.5000,0.0100
0.4000,-0.0234,0.4245,-0.6810,0.8702,0.0269,0.1518,-0.9784,-0.0730,0.0000,0.6390,-1.4000,0.7540,0.0000,0.6390,-1.4000,0.7540,-2.5000,-2.5000,-2.5000,0.0100,2.5000,-2.5000,1.8329,-0.0073
0.4067,-0.0233,0.4684,-0.7183,0.6680,0.0328,0.1839,-0.7198,0.6866,0.0000,0.6390,-1.4000,0.7540,0.0000,0.6390,-1.4000,0.7540,-2.5000,-2.5000,-2.5000,-0.0046,2.5000,-2.5000,1.8329,-0.0100
0.4133,-0.0236,0.5305,-1.0266,0.8461,0.0352,0.2047,-0.6091,1.1167,0.0000,0.6390,-1.4000,0.7540,0.0000,0.6390,-1.4000,0.7540,-2.5000,-2.5000,2.5000,-0.0100,2.5000,-2.5000,2.5000,-0.0100
0.4200,-0.0240,0.5557,-1.4190,0.7880,0.0356,0.2002,-0.5801,1.0537,0.0000,0.6390,-1.4000,0.7540,0.0000,0.6390,-1.4000,0.7540,-2.5000,-2.5000,2.5000,0.0100,2.5000,-2.5000,2.5000,0.0064
0.4267,-0.0240,0.4689,-1.4909,0.4943,0.0343,0.1694,-0.5922,0.9041,0.0000,0.6390,-1.4000,0.7540,0.0000,0.6390,-1.4000,0.7540,-2.5000,2.5000,2.5000,0.0100,0.7545,-2.5000,2.5000,-0.0065
0.4333,-0.0238,0.3225,-1.2702,0.5647,0.0321,0.1511,-0.6274,0.8861,0.0000,0.6390,-1.4000,0.7540,0.0000,0.6390,-1.4000,0.7540,-2.5000,2.5000,2.5000,-0.0066,0.7545,-2.5000,2.5000,0.0053
0.4400,-0.0238,0.1769,-0.8840,0.6218,0.0294,0.1436,-0.6697,0.8231,0.0000,0.6390,-1.4000,0.7540,0.0000,0.6390,-1.4000,0.7540,-2.5000,2.5000,2.5000,0.0080,2.5000,-2.5000,0.9781,-0.0065
0.4467,-0.0239,0.1003,-0.6755,0.6946,0.0274,0.1425,-0.7150,0.8411,0.0000,0.6390,-1.4000,0.7540,0.0000,0.6390,-1.4000,0.7540,-2.5000,2.5000,2.5000,-0.0100,2.5000,-2.5000,0.9781,0.0048
0.4533,-0.0239,0.0838,-0.5973,0.8095,0.0262,0.1447,-0.7636,0.8024,0.0000,0.6390,-1.4000,0.7540,0.0000,0.6390,-1.4000,0.7540,-2.5000,-2.5000,-2.5000,0.0054,2.5000,0.8093,2.5000,-0.0064
0.4600,-0.0239,0.1142,-0.6758,0.7529,0.0255,0.1489,-0.8066,0.8179,0.0000,0.6390,-1.4000,0.7540,0.0000,0.6390,-1.4000,0.7540,-2.5000,-2.5000,2.5000,-0.0098,2.5000,2.5000,2.5000,0.0062
0.4667,-0.0239,0.1591,-0.8966,0.8195,0.0251,0.1653,-0.8390,0.6964,0.0000,0.6390,-1.4000,0.7540,0.0000,0.6390,-1.4000,0.7540,-2.5000,-2.5000,2.5000,0.0099,2.5000,2.5000,2.5000,0.0007
0.4733,-0.0238,0.1817,-1.0092,0.7826,0.0247,0.2117,-0.8645,0.7474,0.0000,0.6390,-1.4000,0.7540,0.0000,0.6390,-1.4000,0.7540,-2.0608,-2.5000,2.5000,-0.0100,2.5000,-2.5000,2.5000,-0.0027
0.4800,-0.0237,0.1885,-1.0555,0.8839,0.0244,0.2661,-0.8813,0.7563,0.0000,0.6390,-1.4000,0.7540,0.0000,0.6390,-1.4000,0.7540,-2.0608,-2.5000,2.5000,0.0045,2.5000,-2.5000,2.5000,0.0028
0.4867,-0.0234,0.1826,-1.0660,0.7848,0.0243,0.2851,-0.8882,0.7761,0.0000,0.6390,-1.4000,0.7540,0.0000,0.6390,-1.4000,0.7540,0.7629,-1.6215,2.5000,-0.0016,-0.8721,-2.5000,2.5000,-0.0063
0.4933,-0.0216,0.1774,-1.0585,0.8462,0.0229,0.2715,-0.8898,0.8593,0.0000,0.6390,-1.4000,0.7540,0.0000,0.6390,-1.4000,0.7540,0.7629,-1.6215,2.5000,-0.0045,-0.8721,-2.5000,2.5000,-0.0007
0.5000,-0.0141,0.1737,-1.0425,0.7413,0.0163,0.2257,-0.8886,0.7753,0.0000,0.6390,-1.4000,0.7540,0.0000,0.6390,-1.4000,0.7540,-2.5000,2.5000,0.7647,0.0100,-2.2151,2.5000,2.5000,0.0042
0.5067,-0.0125,0.1848,-1.0283,0.6016,-0.0055,0.1706,-0.8887,0.7404,0.0000,0.6390,-1.4000,0.7540,0.0000,0.6390,-1.4000,0.7540,-2.5000,-2.5000,2.5000,-0.0003,2.5000,2.5000,2.5000,-0.0028
0.5133,-0.0207,0.2218,-1.0193,0.8419,-0.0355,0.1554,-0.8942,0.8072,0.0000,0.6390,-1.4000,0.7540,0.0000,0.6390,-1.4000,0.7540,-2.5000,-2.5000,2.5000,-0.0100,2.5000,2.5000,2.5000,-0.0013
0.5200,-0.0242,0.2333,-1.0023,0.8364,-0.0385,0.1669,-0.9017,0.7409,0.0000,0.6390,-1.4000,0.7540,0.0000,0.6390,-1.4000,0.7540,-0.0869,-2.5000,1.5149,0.0100,2.5000,-0.2598,2.5000,0.0064
0.5267,-0.0253,0.1991,-0.9835,0.6176,-0.0225,0.1821,-0.9085,0.7240,0.0000,0.6390,-1.4000,0.7540,0.0000,0.6390,-1.4000,0.7540,-0.0869,-2.5000,1.5149,0.0020,2.5000,-0.2598,2.5000,-0.0070
0.5333,-0.0247,0.1409,-0.9733,0.7667,0.0058,0.1874,-0.9132,0.7192,0.0000,0.6390,-1.4000,0.7540,0.0000,0.6390,-1.4000,0.7540,-0.9193,2.5000,-0.5335,-0.0100,-2.5000,-2.5000,2.5000,0.0100
0.5400,-0.0239,0.1199,-1.0110,0.8204,0.0298,0.1882,-0.9152,0.6530,0.0000,0.6390,-1.4000,0.7540,0.0000,0.6390,-1.4000,0.7540,0.8851,2.5000,2.5000,0.0069,-2.5000,-2.5000,2.5000,-0.0070
0.5467,-0.0232,0.1365,-1.1073,0.6087,0.0264,0.1860,-0.9150,0.8847,0.0000,0.6390,-1.4000,0.7540,0.0000,0.6390,-1.4000,0.7540,0.8851,2.5000,2.5000,0.0097,-2.5000,-2.5000,2.5000,-0.0081
0.5533,-0.0221,0.1599,-1.0676,0.7201,-0.0069,0.1831,-0.9137,0.7129,0.0000,0.6390,-1.4000,0.7540,0.0000,0.6390,-1.4000,0.7540,2.5000,-2.5000,2.5000,-0.0100,2.5000,-1.2405,2.5000,0.0100
0.5600,-0.0064,0.1955,-1.0206,1.0621,-0.0376,0.1801,-0.9129,0.3661,0.0000,0.6390,-1.4000,0.7540,0.0000,0.6390,-1.4000,0.7540,-2.5000,-2.5000,2.5000,-0.0100,2.5000,-0.7267,2.5000,0.0100
0.5667,0.0314,0.2012,-0.9846,0.8888,-0.0360,0.1775,-0.9137,0.5664,0.0000,0.6390,-1.4000,0.7540,0.0000,0.6390,-1.4000,0.7540,-2.5000,-2.5000,2.5000,0.0100,2.5000,-0.7267,2.5000,-0.0100
0.5733,0.0488,0.1792,-0.9575,0.7033,-0.0211,0.1759,-0.9148,0.8045,0.0000,0.6390,-1.4000,0.7540,0.0000,0.6390,-1.4000,0.7540,-2.5000,-2.5000,2.5000,-0.0032,2.5000,1.1221,-1.3904,0.0002
0.5800,0.0491,0.1624,-0.9404,0.8490,0.0092,0.1967,-0.9911,0.7126,0.0000,0.6390,-1.4000,0.7540,0.0000,0.6390,-1.4000,0.7540,-2.5000,-2.5000,2.5000,-0.0069,2.5000,1.1221,-1.3904,0.0027
0.5867,0.0203,0.1546,-0.9295,0.7245,0.0379,0.2735,-1.2693,0.8371,0.0000,0.6390,-1.4000,0.7540,0.0000,0.6390,-1.4000,0.7540,2.2970,1.1648,2.5000,0.0100,-2.5000,-2.5000,2.5000,-0.0100
0.5933,-0.0291,0.1525,-0.9225,0.4770,0.0487,0.3515,-1.5690,0.9358,0.0000,0.6390,-1.4000,0.7540,0.0000,0.6390,-1.4000,0.7540,2.5000,2.5000,2.5000,0.0093,-2.5000,-2.5000,2.5000,0.0073
0.6000,-0.0527,0.1600,-0.9196,0.7615,0.0398,0.3431,-1.5599,0.5970,0.0000,0.6390,-1.4000,0.7540,0.0000,0.6390,-1.4000,0.7540,2.5000,2.5000,2.5000,-0.0100,-2.5000,-2.5000,2.5000,0.0100
0.6067,-0.0534,0.1866,-0.9200,1.0518,0.0118,0.2454,-1.2262,0.5172,0.0000,0.6390,-1.4000,0.7540,0.0000,0.6390,-1.4000,0.7540,-2.5000,-2.5000,-2.5000,-0.0100,2.5000,-2.5000,2.5000,0.0036
0.6133,-0.0420,0.2389,-1.0175,0.8282,-0.0081,0.0885,-0.7106,0.7816,0.0000,0.6390,-1.4000,0.7540,0.0000,0.6390,-1.4000,0.7540,-2.5000,-2.5000,-2.5000,0.0100,2.5000,-2.5000,2.5000,-0.0100
0.6200,-0.0342,0.3214,-1.3755,0.7865,0.0075,0.0137,-0.4634,1.0815,0.0000,0.6390,-1.4000,0.7540,0.0000,0.6390,-1.4000,0.7540,-2.5000,-2.5000,2.5000,-0.0100,2.5000,2.5000,2.5000,-0.0100
0.6267,-0.0296,0.3684,-1.7925,1.0929,0.0345,-0.0059,-0.3846,0.9103,0.0000,0.6390,-1.4000,0.7540,0.0000,0.6390,-1.4000,0.7540,-2.5000,2.5000,2.5000,-0.0100,2.5000,2.5000,2.5000,0.0100
0.6333,-0.0269,0.3633,-1.9476,0.6565,0.0465,0.0226,-0.3963,0.5958,0.0000,0.6390,-1.4000,0.7540,0.0000,0.6390,-1.4000,0.7540,-2.5000,2.5000,2.5000,0.0100,2.5000,2.5000,2.5000,0.0079
0.6400,-0.0252,0.3896,-1.8896,-0.0369,0.0501,0.1030,-0.4516,0.7973,0.0000,0.6390,-1.4000,0.7540,0.0000,0.6390,-1.4000,0.7540,-2.5000,-2.5000,2.5000,0.0100,-0.9328,-2.5000,2.5000,-0.0100
0.6467,-0.0242,0.4063,-1.5951,-0.3506,0.0439,0.2033,-0.5203,1.1666,0.0000,0.6390,-1.4000,0.7540,0.0000,0.6390,-1.4000,0.7540,-2.5000,-2.5000,2.5000,0.0100,-0.9328,-2.5000,2.5000,-0.0100
0.6533,-0.0237,0.2896,-0.9677,-0.2831,0.0204,0.2522,-0.5837,1.0111,0.0000,0.6390,-1.4000,0.7540,0.0000,0.6390,-1.4000,0.7540,-2.5000,-2.5000,2.5000,0.0100,2.5000,-2.5000,2.5000,0.0100
0.6600,-0.0234,0.1344,-0.4732,0.5112,0.0029,0.2542,-0.6392,0.6906,0.0000,0.6390,-1.4000,0.7540,0.0000,0.6390,-1.4000,0.7540,-2.5000,-2.5000,-2.5000,-0.0100,2.5000,-2.5000,2.5000,0.0051
0.6667,-0.0226,0.0546,-0.3259,1.7576,0.0121,0.2267,-0.6864,0.8585,0.0000,0.6390,-1.4000,0.7540,0.0000,0.6390,-1.4000,0.7540,-2.5000,-2.5000,-2.5000,-0.0100,2.5000,-2.5000,2.5000,-0.0100
0.6733,-0.0224,0.0293,-0.5300,2.7361,0.0255,0.1664,-0.7257,0.9372,0.0000,0.6390,-1.4000,0.7540,0.0000,0.6390,-1.4000,0.7540,-2.5000,-0.2473,2.5000,-0.0100,2.5000,2.5000,2.5000,0.0044
0.6800,-0.0224,0.0337,-0.8629,3.2441,0.0322,0.1286,-0.7641,0.7006,0.0000,0.6390,-1.4000,0.7540,0.0000,0.6390,-1.4000,0.7540,-2.5000,2.5000,2.5000,-0.0100,2.5000,2.5000,2.5000,0.0092
0.6867,-0.0221,0.0476,-1.0403,3.0028,0.0351,0.1276,-0.7998,0.7775,0.0000,0.6390,-1.4000,0.7540,0.0000,0.6390,-1.4000,0.7540,-2.5000,2.5000,2.5000,-0.0100,2.5000,2.5000,2.5000,-0.0100
0.6933,-0.0216,0.0743,-1.1112,2.0594,0.0357,0.1599,-0.8309,0.8422,0.0000,0.6390,-1.4000,0.7540,0.0000,0.6390,-1.4000,0.7540,-2.0505,2.5000,2.5000,0.0100,2.5000,-2.5000,2.5000,0.0087
0.7000,-0.0212,0.1095,-1.0564,0.7270,0.0349,0.2073,-0.8544,0.6150,0.0000,0.6390,-1.4000,0.7540,0.0000,0.6390,-1.4000,0.7540,-2.0505,2.5000,2.5000,0.0100,2.5000,-2.5000,2.5000,0.0055
0.7067,-0.0210,0.1699,-1.0154,-0.0666,0.0335,0.2274,-0.8674,0.7893,0.0000,0.6390,-1.4000,0.7540,0.0000,0.6390,-1.4000,0.7540,1.1394,-2.5000,-0.8991,0.0100,1.4688,-2.5000,2.5000,-0.0100
0.7133,-0.0181,0.2335,-0.9967,-0.2624,0.0319,0.2124,-0.8736,1.0002,0.0000,0.6390,-1.4000,0.7540,0.0000,0.6390,-1.4000,0.7540,-2.1264,-2.5000,2.5000,0.0100,2.5000,-2.5000,2.5000,-0.0061
0.7200,-0.0110,0.2584,-0.9995,0.1693,0.0302,0.1622,-0.8771,0.7252,0.0000,0.6390,-1.4000,0.7540,0.0000,0.6390,-1.4000,0.7540,-2.1264,-2.5000,2.5000,-0.0100,2.5000,-2.5000,2.5000,0.0100
0.7267,-0.0117,0.2531,-0.9907,0.6573,0.0285,0.1318,-0.8845,0.5101,0.0000,0.6390,-1.4000,0.7540,0.0000,0.6390,-1.4000,0.7540,-2.5000,-2.5000,-0.1218,-0.0088,2.5000,2.5000,2.5000,0.0053
0.7333,-0.0148,0.2208,-0.9826,0.6090,0.0272,0.1227,-0.8935,0.7677,0.0000,0.6390,-1.4000,0.7540,0.0000,0.6390,-1.4000,0.7540,-2.5000,-2.5000,-0.1218,0.0100,2.5000,2.5000,2.5000,-0.0100
0.7400,-0.0171,0.1696,-0.9892,0.5862,0.0262,0.1399,-0.9028,0.9015,0.0000,0.6390,-1.4000,0.7540,0.0000,0.6390,-1.4000,0.7540,0.0318,2.5000,-1.8992,-0.0083,-2.5000,-2.5000,2.5000,0.0031
0.7467,-0.0185,0.1574,-1.1023,0.9639,0.0202,0.1767,-0.9093,0.6520,0.0000,0.6390,-1.4000,0.7540,0.0000,0.6390,-1.4000,0.7540,-2.5000,0.0503,2.5000,-0.0100,2.5000,-1.8675,2.5000,0.0100
0.7533,-0.0185,0.2031,-1.2920,1.6065,0.0054,0.1937,-0.9100,0.7084,0.0000,0.6390,-1.4000,0.7540,0.0000,0.6390,-1.4000,0.7540,-2.5000,0.0503,2.5000,-0.0100,2.5000,-1.8675,2.5000,-0.0100
0.7600,-0.0183,0.2401,-1.3155,1.8915,0.0111,0.1825,-0.9079,0.8175,0.0000,0.6390,-1.4000,0.7540,0.0000,0.6390,-1.4000,0.7540,-0.8950,-2.5000,2.5000,-0.0100,-1.9509,-1.2178,2.5000,0.0064
0.7667,-0.0182,0.2378,-1.1127,1.6145,0.0164,0.1713,-0.9081,0.6643,0.0000,0.6390,-1.4000,0.7540,0.0000,0.6390,-1.4000,0.7540,-2.5000,-2.5000,2.5000,0.0080,2.5000,-2.1272,2.5000,0.0028
0.7733,-0.0183,0.1750,-0.8073,1.0625,0.0100,0.1650,-0.9099,0.7919,0.0000,0.6390,-1.4000,0.7540,0.0000,0.6390,-1.4000,0.7540,-2.5000,-2.5000,2.5000,0.0044,2.5000,-2.1272,2.5000,-0.0100
0.7800,-0.0187,0.1381,-0.6646,1.0024,0.0127,0.1620,-0.9111,0.7378,0.0000,0.6390,-1.4000,0.7540,0.0000,0.6390,-1.4000,0.7540,-2.5000,-2.5000,-0.9779,-0.0100,2.5000,2.5000,2.5000,0.0100
0.7867,-0.0192,0.1235,-0.6301,1.0034,0.0156,0.1708,-0.9130,0.4862,0.0000,0.6390,-1.4000,0.7540,0.0000,0.6390,-1.4000,0.7540,-2.5000,-2.5000,-0.9779,0.0033,2.5000,2.5000,2.5000,0.0090
0.7933,-0.0198,0.1218,-0.6994,0.8858,0.0178,0.2081,-0.9172,0.7521,0.0000,0.6390,-1.4000,0.7540,0.0000,0.6390,-1.4000,0.7540,-2.5000,-2.5000,2.5000,-0.0049,2.5000,-2.5000,2.5000,-0.0100
0.8000,-0.0204,0.1251,-0.8183,0.8724,0.0196,0.2571,-0.9196,1.2202,0.0000,0.6390,-1.4000,0.7540,0.0000,0.6390,-1.4000,0.7540,-2.5000,2.5000,2.5000,0.0043,0.7025,-2.5000,2.5000,-0.0100
0.8067,-0.0209,0.1325,-0.8901,0.7212,0.0204,0.2774,-0.9164,1.1582,0.0000,0.6390,-1.4000,0.7540,0.0000,0.6390,-1.4000,0.7540,-2.5000,2.5000,2.5000,0.0044,0.7025,-2.5000,2.5000,0.0041
0.8133,-0.0214,0.1538,-0.9305,0.7745,0.0202,0.2688,-0.9106,0.9178,0.0000,0.6390,-1.4000,0.7540,0.0000,0.6390,-1.4000,0.7540,2.5000,-2.5000,2.5000,-0.0089,0.2414,-2.5000,0.5285,0.0010
0.8200,-0.0153,0.1812,-0.9503,0.8402,0.0197,0.2302,-0.9082,0.8941,0.0000,0.6390,-1.4000,0.7540,0.0000,0.6390,-1.4000,0.7540,2.5000,-2.5000,2.5000,0.0054,0.2414,-2.5000,0.5285,-0.0059
0.8267,0.0131,0.1911,-0.9553,0.7946,0.0193,0.1628,-0.9170,0.7796,0.0000,0.6390,-1.4000,0.7540,0.0000,0.6390,-1.4000,0.7540,-2.5000,-1.1104,2.5000,-0.0068,-2.5000,2.5000,0.7301,0.0100
0.8333,0.0259,0.1855,-0.9516,0.8310,-0.0026,0.1223,-0.9382,0.6248,0.0000,0.6390,-1.4000,0.7540,0.0000,0.6390,-1.4000,0.7540,-2.5000,-1.2344,2.5000,0.0048,2.5000,2.5000,2.5000,-0.0007
0.8400,0.0044,0.1820,-0.9459,0.7097,-0.0439,0.1146,-0.9572,0.8033,0.0000,0.6390,-1.4000,0.7540,0.0000,0.6390,-1.4000,0.7540,-2.5000,-1.2344,2.5000,0.0015,2.5000,2.5000,2.5000,-0.0098
0.8467,-0.0180,0.1799,-0.9405,0.7703,-0.0559,0.1319,-0.9662,0.6765,0.0000,0.6390,-1.4000,0.7540,0.0000,0.6390,-1.4000,0.7540,2.5000,-0.0143,2.5000,-0.0060,2.5000,2.1895,2.5000,0.0100
0.8533,-0.0177,0.1811,-0.9351,0.7751,-0.0296,0.1783,-0.9688,0.3416,0.0000,0.6390,-1.4000,0.7540,0.0000,0.6390,-1.4000,0.7540,-2.5000,-1.9029,2.5000,0.0072,-2.5000,-2.5000,0.2978,0.0100
0.8600,0.0053,0.1859,-0.9300,0.6367,0.0200,0.2355,-0.9703,0.5654,0.0000,0.6390,-1.4000,0.7540,0.0000,0.6390,-1.4000,0.7540,-2.5000,-1.9029,2.5000,0.0067,-2.5000,-2.5000,0.2978,-0.0100
0.8667,-0.0043,0.1873,-0.9223,0.6068,0.0276,0.2540,-0.9769,0.8605,0.0000,0.6390,-1.4000,0.7540,0.0000,0.6390,-1.4000,0.7540,2.5000,-2.5000,2.5000,0.0050,-2.5000,-2.5000,2.5000,-0.0054
0.8733,-0.0295,0.1863,-0.9150,0.6368,0.0017,0.2322,-0.9796,0.6861,0.0000,0.6390,-1.4000,0.7540,0.0000,0.6390,-1.4000,0.7540,2.5000,-2.5000,2.5000,-0.0023,-2.5000,-2.5000,2.5000,0.0100
0.8800,-0.0333,0.1834,-0.9111,0.7097,-0.0305,0.1747,-0.9711,0.6249,0.0000,0.6390,-1.4000,0.7540,0.0000,0.6390,-1.4000,0.7540,-0.5942,-1.8162,2.5000,0.0009,2.5000,2.5000,2.5000,-0.0071
0.8867,-0.0112,0.1808,-0.9087,0.7128,-0.0407,0.1318,-0.9631,0.8007,0.0000,0.6390,-1.4000,0.7540,0.0000,0.6390,-1.4000,0.7540,-2.5000,-2.5000,2.5000,-0.0000,2.5000,2.5000,-2.0182,-0.0009
0.8933,0.0112,0.1792,-0.9070,0.7500,-0.0254,0.1479,-1.0744,0.7661,0.0000,0.6390,-1.4000,0.7540,0.0000,0.6390,-1.4000,0.7540,-2.5000,-2.5000,2.5000,-0.0020,2.5000,2.5000,-2.0182,-0.0026
0.9000,0.0127,0.1784,-0.9046,0.7435,0.0013,0.2552,-1.4734,1.1100,0.0000,0.6390,-1.4000,0.7540,0.0000,0.6390,-1.4000,0.7540,-2.5000,2.5000,2.5000,0.0026,-2.5000,-2.5000,2.5000,-0.0100
0.9067,-0.0055,0.1849,-0.8995,0.7023,0.0086,0.3882,-1.8966,2.4445,0.0000,0.6390,-1.4000,0.7540,0.0000,0.6390,-1.4000,0.7540,-2.5000,2.5000,2.5000,0.0028,-2.5000,-2.5000,2.5000,-0.0100
0.9133,-0.0336,0.2085,-0.9004,0.7484,-0.0193,0.4445,-2.0495,3.1068,0.0000,0.6390,-1.4000,0.7540,0.0000,0.6390,-1.4000,0.7540,2.5000,2.5000,2.5000,-0.0059,-2.5000,-2.5000,2.5000,-0.0100
0.9200,-0.0382,0.2528,-0.9045,0.7999,-0.0412,0.4359,-1.9401,2.9710,0.0000,0.6390,-1.4000,0.7540,0.0000,0.6390,-1.4000,0.7540,-2.3258,-2.5000,2.5000,0.0038,2.5000,-2.5000,2.5000,-0.0100
0.9267,-0.0194,0.2937,-0.9070,0.7119,-0.0448,0.3449,-1.5513,2.0332,0.0000,0.6390,-1.4000,0.7540,0.0000,0.6390,-1.4000,0.7540,-2.3258,-2.5000,2.5000,0.0005,2.5000,-2.5000,2.5000,0.0100
0.9333,-0.0085,0.2851,-0.9046,0.7716,-0.0258,0.1310,-0.8402,0.8377,0.0000,0.6390,-1.4000,0.7540,0.0000,0.6390,-1.4000,0.7540,-2.5000,-2.5000,-2.5000,-0.0050,2.5000,-2.5000,2.5000,0.0100
0.9400,-0.0152,0.2768,-0.9993,0.8458,0.0132,-0.0172,-0.3707,0.4094,0.0000,0.6390,-1.4000,0.7540,0.0000,0.6390,-1.4000,0.7540,-2.5000,-2.5000,-2.5000,-0.0056,2.5000,-2.5000,2.5000,0.0100
0.9467,-0.0203,0.2966,-1.3311,0.8993,0.0502,-0.0722,-0.1919,0.7583,0.0000,0.6390,-1.4000,0.7540,0.0000,0.6390,-1.4000,0.7540,-2.5000,-1.2351,2.5000,-0.0100,2.5000,-2.5000,2.5000,-0.0100
0.9533,-0.0230,0.3336,-1.6263,1.3169,0.0663,-0.0775,-0.1703,1.4667,0.0000,0.6390,-1.4000,0.7540,0.0000,0.6390,-1.4000,0.7540,-2.5000,1.6109,2.5000,-0.0100,2.5000,2.5000,2.5000,-0.0100
0.9600,-0.0251,0.3701,-1.7643,1.4994,0.0705,-0.0467,-0.2278,1.6736,0.0000,0.6390,-1.4000,0.7540,0.0000,0.6390,-1.4000,0.7540,-2.5000,1.6109,2.5000,-0.0100,2.5000,2.5000,2.5000,-0.0100
0.9667,-0.0258,0.4397,-1.7975,1.4971,0.0687,0.0239,-0.3200,1.3024,0.0000,0.6390,-1.4000,0.7540,0.0000,0.6390,-1.4000,0.7540,-2.5000,-2.5000,2.5000,-0.0100,2.5000,-2.5000,2.5000,0.0100
0.9733,-0.0256,0.5158,-1.7131,1.0928,0.0640,0.1038,-0.4183,0.6742,0.0000,0.6390,-1.4000,0.7540,0.0000,0.6390,-1.4000,0.7540,-2.5000,-2.5000,-2.5000,0.0100,2.5000,-2.5000,2.5000,0.0100
0.9800,-0.0253,0.5252,-1.5237,0.3810,0.0579,0.1495,-0.5070,0.6051,0.0000,0.6390,-1.4000,0.7540,0.0000,0.6390,-1.4000,0.7540,-2.5000,-2.5000,-2.5000,0.0100,2.5000,-2.5000,2.5000,-0.0060
0.9867,-0.0252,0.5170,-1.5385,0.4340,0.0521,0.1730,-0.5844,0.6880,0.0000,0.6390,-1.4000,0.7540,0.0000,0.6390,-1.4000,0.7540,0.1950,-2.5000,2.5000,-0.0100,-0.3224,-2.5000,2.5000,0.0064
0.9933,-0.0246,0.4755,-1.6225,0.8310,0.0432,0.1832,-0.6506,0.6187,0.0000,0.6390,-1.4000,0.7540,0.0000,0.6390,-1.4000,0.7540,0.1950,-2.5000,2.5000,-0.0065,-0.3224,-2.5000,2.5000,0.0002
1.0000,-0.0229,0.3472,-1.4117,0.5701,0.0234,0.1856,-0.7064,0.7239,0.0000,0.6390,-1.4000,0.7540,0.0000,0.6390,-1.4000,0.7540,-2.5000,-1.5542,2.5000,0.0100,2.5000,-2.5000,2.5000,-0.0046
1.0067,-0.0214,0.1319,-0.8959,0.0456,0.0068,0.1841,-0.7523,0.7369,0.0000,0.6390,-1.4000,0.7540,0.0000,0.6390,-1.4000,0.7540,-2.5000,-1.5542,2.5000,0.0100,2.5000,-2.5000,2.5000,0.0064
1.0133,-0.0206,-0.0042,-0.5681,0.2014,0.0158,0.1822,-0.7879,0.7807,0.0000,0.6390,-1.4000,0.7540,0.0000,0.6390,-1.4000,0.7540,-2.5000,2.5000,2.5000,-0.0084,2.5000,-2.5000,2.5000,-0.0100
1.0200,-0.0208,-0.0533,-0.4421,0.6982,0.0229,0.1803,-0.8154,0.8750,0.0000,0.6390,-1.4000,0.7540,0.0000,0.6390,-1.4000,0.7540,-2.5000,2.5000,2.5000,-0.0100,2.5000,-2.5000,2.5000,0.0047
1.0267,-0.0213,-0.0480,-0.4257,0.7386,0.0263,0.1782,-0.8369,0.7983,0.0000,0.6390,-1.4000,0.7540,0.0000,0.6390,-1.4000,0.7540,-2.5000,-2.5000,2.5000,0.0100,2.5000,-1.0128,2.5000,-0.0041
1.0333,-0.0219,-0.0126,-0.4625,0.5505,0.0275,0.1765,-0.8538,0.8508,0.0000,0.6390,-1.4000,0.7540,0.0000,0.6390,-1.4000,0.7540,1.6046,-2.5000,2.5000,0.0034,2.5000,2.5000,2.5000,-0.0008
1.0400,-0.0178,0.0214,-0.5190,0.8014,0.0278,0.1840,-0.8687,0.7372,0.0000,0.6390,-1.4000,0.7540,0.0000,0.6390,-1.4000,0.7540,1.6046,-2.5000,2.5000,-0.0100,2.5000,2.5000,2.5000,0.0082
1.0467,-0.0005,0.0511,-0.5800,0.9054,0.0278,0.2173,-0.8831,0.8009,0.0000,0.6390,-1.4000,0.7540,0.0000,0.6390,-1.4000,0.7540,-2.4634,-2.5000,2.5000,0.0038,2.5000,-2.5000,2.5000,-0.0100
1.0533,0.0198,0.0756,-0.6383,0.6557,0.0273,0.2597,-0.8936,1.0370,0.0000,0.6390,-1.4000,0.7540,0.0000,0.6390,-1.4000,0.7540,-2.4634,-2.5000,2.5000,0.0100,2.5000,-2.5000,2.5000,-0.0093
1.0600,0.0186,0.0948,-0.6914,0.7670,0.0262,0.2689,-0.8969,0.7588,0.0000,0.6390,-1.4000,0.7540,0.0000,0.6390,-1.4000,0.7540,0.9727,-2.5000,2.5000,-0.0100,2.5000,-1.3789,2.5000,0.0100
1.0667,0.0060,0.1098,-0.7371,1.0621,0.0251,0.2489,-0.8966,0.3346,0.0000,0.6390,-1.4000,0.7540,0.0000,0.6390,-1.4000,0.7540,0.9727,-2.5000,2.5000,-0.0100,2.5000,-1.3789,2.5000,0.0100
1.0733,0.0032,0.1215,-0.7750,0.7845,0.0247,0.2095,-0.8955,0.4896,0.0000,0.6390,-1.4000,0.7540,0.0000,0.6390,-1.4000,0.7540,-1.8644,-2.5000,2.5000,0.0100,0.1101,2.5000,2.5000,-0.0100
1.0800,-0.0015,0.1310,-0.8054,0.3111,0.0198,0.1693,-0.8963,0.8372,0.0000,0.6390,-1.4000,0.7540,0.0000,0.6390,-1.4000,0.7540,1.3494,-2.5000,2.5000,0.0100,2.5000,2.5000,2.5000,-0.0072
1.0867,-0.0186,0.1391,-0.8287,0.4020,0.0086,0.1620,-0.9014,0.6450,0.0000,0.6390,-1.4000,0.7540,0.0000,0.6390,-1.4000,0.7540,1.3494,-2.5000,2.5000,-0.0079,2.5000,2.5000,2.5000,0.0100
1.0933,-0.0175,0.1453,-0.8472,0.5934,0.0145,0.1804,-0.9082,0.4767,0.0000,0.6390,-1.4000,0.7540,0.0000,0.6390,-1.4000,0.7540,-2.5000,-2.5000,2.5000,0.0062,-0.9981,2.5000,2.5000,0.0038
1.1000,-0.0115,0.1502,-0.8612,0.6051,0.0166,0.2241,-0.9149,0.7541,0.0000,0.6390,-1.4000,0.7540,0.0000,0.6390,-1.4000,0.7540,-2.5000,-2.5000,2.5000,-0.0042,0.8631,-2.5000,2.5000,-0.0100
1.1067,-0.0103,0.1538,-0.8721,0.7985,0.0108,0.2775,-0.9186,1.0261,0.0000,0.6390,-1.4000,0.7540,0.0000,0.6390,-1.4000,0.7540,-2.5000,-2.5000,2.5000,-0.0066,0.8631,-2.5000,2.5000,-0.0100
1.1133,-0.0121,0.1558,-0.8815,0.6983,0.0093,0.2983,-0.9161,0.7586,0.0000,0.6390,-1.4000,0.7540,0.0000,0.6390,-1.4000,0.7540,-1.2749,-2.5000,2.5000,0.0100,0.1665,-2.5000,2.5000,0.0100
1.1200,-0.0136,0.1568,-0.8895,0.5356,0.0123,0.2851,-0.9106,0.3230,0.0000,0.6390,-1.4000,0.7540,0.0000,0.6390,-1.4000,0.7540,-1.8484,-1.7814,2.5000,0.0022,-0.4015,2.5000,2.5000,0.0100
1.1267,-0.0149,0.1579,-0.8956,0.7848,0.0123,0.2606,-0.9070,0.4632,0.0000,0.6390,-1.4000,0.7540,0.0000,0.6390,-1.4000,0.7540,-1.8484,-1.7814,2.5000,-0.0100,-0.4015,2.5000,2.5000,-0.0100
1.1333,-0.0162,0.1600,-0.8992,0.8397,0.0068,0.2660,-0.9088,0.6294,0.0000,0.6390,-1.4000,0.7540,0.0000,0.6390,-1.4000,0.7540,-2.5000,-1.3327,2.5000,0.0086,1.7014,-2.5000,2.5000,0.0100
1.1400,-0.0173,0.1621,-0.9019,0.6170,0.0017,0.2831,-0.9109,0.5314,0.0000,0.6390,-1.4000,0.7540,0.0000,0.6390,-1.4000,0.7540,-2.5000,-1.3327,2.5000,0.0057,1.7014,-2.5000,2.5000,-0.0005
1.1467,-0.0180,0.1637,-0.9049,0.7800,0.0119,0.2678,-0.9085,0.7150,0.0000,0.6390,-1.4000,0.7540,0.0000,0.6390,-1.4000,0.7540,-0.0639,0.1031,2.5000,-0.0100,-2.5000,2.5000,2.5000,-0.0083
1.1533,-0.0185,0.1683,-0.9074,1.0123,0.0187,0.2390,-0.9061,0.7527,0.0000,0.6390,-1.4000,0.7540,0.0000,0.6390,-1.4000,0.7540,-0.0639,0.1031,2.5000,-0.0076,-2.5000,2.5000,2.5000,0.0096
1.1600,-0.0188,0.1824,-0.9088,0.7517,0.0009,0.2425,-0.9083,0.7884,0.0000,0.6390,-1.4000,0.7540,0.0000,0.6390,-1.4000,0.7540,0.7674,-2.5000,2.5000,0.0100,2.5000,1.0789,2.5000,-0.0100
1.1667,-0.0131,0.1924,-0.9085,0.3419,-0.0266,0.2683,-0.9121,1.0495,0.0000,0.6390,-1.4000,0.7540,0.0000,0.6390,-1.4000,0.7540,-2.5000,-2.5000,2.5000,0.0100,2.5000,-2.5000,2.5000,-0.0100
1.1733,0.0003,0.1780,-0.9069,0.4990,-0.0298,0.2832,-0.9133,0.7647,0.0000,0.6390,-1.4000,0.7540,0.0000,0.6390,-1.4000,0.7540,-2.5000,-2.5000,2.5000,-0.0100,2.5000,-2.5000,2.5000,0.0100
1.1800,-0.0026,0.1681,-0.9079,0.6932,-0.0181,0.2662,-0.9103,0.4583,0.0000,0.6390,-1.4000,0.7540,0.0000,0.6390,-1.4000,0.7540,2.5000,2.5000,2.5000,0.0061,-2.5000,2.5000,1.2344,0.0100
1.1867,-0.0131,0.1745,-0.9109,0.6103,-0.0035,0.2415,-0.9114,0.7469,0.0000,0.6390,-1.4000,0.7540,0.0000,0.6390,-1.4000,0.7540,2.5000,-2.5000,2.5000,0.0015,-2.5000,2.5000,-1.6871,-0.0100
1.1933,-0.0136,0.2056,-0.9136,0.7962,-0.0086,0.2657,-0.9869,1.3894,0.0000,0.6390,-1.4000,0.7540,0.0000,0.6390,-1.4000,0.7540,2.5000,-2.5000,2.5000,-0.0100,-2.5000,2.5000,-1.6871,-0.0100
1.2000,0.0034,0.2155,-0.9111,0.7885,-0.0183,0.3618,-1.3092,1.6926,0.0000,0.6390,-1.4000,0.7540,0.0000,0.6390,-1.4000,0.7540,-2.5000,2.5000,2.5000,0.0100,-2.5000,-2.5000,2.5000,-0.0100
1.2067,0.0294,0.2127,-0.9083,0.5375,-0.0231,0.4750,-1.6960,1.8770,0.0000,0.6390,-1.4000,0.7540,0.0000,0.6390,-1.4000,0.7540,-2.5000,2.5000,2.5000,0.0080,-2.5000,-2.5000,2.5000,-0.0100
1.2133,0.0344,0.2291,-0.9100,0.7819,-0.0259,0.5413,-1.8855,2.0932,0.0000,0.6390,-1.4000,0.7540,0.0000,0.6390,-1.4000,0.7540,-2.5000,2.5000,2.5000,-0.0100,-2.5000,-2.5000,2.5000,-0.0100
1.2200,0.0167,0.2680,-0.9140,0.9905,-0.0273,0.5841,-1.9654,2.2870,0.0000,0.6390,-1.4000,0.7540,0.0000,0.6390,-1.4000,0.7540,2.5000,2.5000,2.5000,-0.0038,-2.5000,-2.5000,2.5000,-0.0100
1.2267,-0.0106,0.3284,-0.9186,0.6980,-0.0249,0.6116,-1.9883,2.4400,0.0000,0.6390,-1.4000,0.7540,0.0000,0.6390,-1.4000,0.7540,2.5000,2.5000,2.5000,0.0100,-2.5000,-2.5000,2.5000,-0.0100
1.2333,-0.0154,0.4089,-0.9226,0.5277,-0.0111,0.6242,-1.9829,2.5557,0.0000,0.6390,-1.4000,0.7540,0.0000,0.6390,-1.4000,0.7540,2.5000,-2.5000,2.5000,0.0024,-2.5000,2.3240,2.5000,-0.0100
1.2400,0.0016,0.4979,-0.9241,0.8285,0.0109,0.6381,-1.9570,2.5786,0.0000,0.6390,-1.4000,0.7540,0.0000,0.6390,-1.4000,0.7540,2.5000,-2.5000,2.5000,-0.0100,-2.5000,2.3240,2.5000,-0.0100
1.2467,0.0272,0.5585,-0.9197,0.9743,0.0186,0.6890,-1.8790,2.0672,0.0000,0.6390,-1.4000,0.7540,0.0000,0.6390,-1.4000,0.7540,2.5000,-2.5000,2.5000,-0.0010,2.5000,-2.5000,2.5000,0.0040
1.2533,0.0401,0.5843,-0.9126,0.7084,-0.0006,0.7140,-1.5805,0.9990,0.0000,0.6390,-1.4000,0.7540,0.0000,0.6390,-1.4000,0.7540,-2.5000,-2.5000,0.8632,0.0100,2.5000,-2.5000,-1.8112,0.0100
1.2600,0.0411,0.5646,-0.9094,0.6154,0.0020,0.6418,-1.1131,0.1765,0.0000,0.6390,-1.4000,0.7540,0.0000,0.6390,-1.4000,0.7540,-2.5000,-2.5000,0.8632,-0.0053,2.5000,-2.5000,-1.8112,0.0100
1.2667,0.0189,0.5019,-0.9150,0.7146,0.0204,0.5454,-0.8212,0.1049,0.0000,0.6390,-1.4000,0.7540,0.0000,0.6390,-1.4000,0.7540,-2.5000,2.5000,-2.5000,0.0028,2.5000,-2.5000,-2.5000,0.0056
1.2733,-0.0310,0.4392,-1.0381,0.7402,0.0310,0.4617,-0.7606,0.7391,0.0000,0.6390,-1.4000,0.7540,0.0000,0.6390,-1.4000,0.7540,-2.1096,2.5000,2.5000,-0.0100,-2.5000,-1.6165,2.5000,-0.0100
1.2800,-0.0626,0.4256,-1.3066,0.7626,0.0327,0.3940,-0.8659,1.5452,0.0000,0.6390,-1.4000,0.7540,0.0000,0.6390,-1.4000,0.7540,-2.1096,2.5000,2.5000,0.0100,-2.5000,-1.6165,2.5000,-0.0100
1.2867,-0.0749,0.3891,-1.3233,0.5413,0.0153,0.2969,-0.9212,1.7631,0.0000,0.6390,-1.4000,0.7540,0.0000,0.6390,-1.4000,0.7540,-2.5000,2.5000,-2.5000,0.0095,2.5000,2.5000,2.5000,-0.0100
1.2933,-0.0764,0.3671,-1.2327,0.7881,-0.0099,0.1913,-0.9462,1.3815,0.0000,0.6390,-1.4000,0.7540,0.0000,0.6390,-1.4000,0.7540,-2.5000,2.5000,-2.5000,-0.0100,2.5000,2.5000,2.5000,0.0100
1.3000,-0.0719,0.4573,-1.4727,1.2894,0.0027,0.1336,-0.9591,0.8988,0.0000,0.6390,-1.4000,0.7540,0.0000,0.6390,-1.4000,0.7540,-2.5000,-2.5000,2.5000,-0.0100,2.5000,2.5000,2.5000,0.0100
1.3067,-0.0654,0.5858,-1.8110,1.2793,0.0339,0.1223,-0.9645,0.7368,0.0000,0.6390,-1.4000,0.7540,0.0000,0.6390,-1.4000,0.7540,-2.5000,-2.5000,2.5000,0.0033,2.5000,2.5000,2.5000,0.0044
1.3133,-0.0586,0.6410,-1.8634,0.8360,0.0484,0.1355,-0.9654,0.7776,0.0000,0.6390,-1.4000,0.7540,0.0000,0.6390,-1.4000,0.7540,-2.5000,-2.5000,2.5000,0.0100,2.5000,2.5000,2.5000,-0.0086
1.3200,-0.0520,0.6244,-1.6397,0.5001,0.0528,0.1714,-0.9640,0.8582,0.0000,0.6390,-1.4000,0.7540,0.0000,0.6390,-1.4000,0.7540,-2.5000,-2.5000,2.5000,0.0100,2.5000,-2.5000,2.5000,0.0017
1.3267,-0.0461,0.5023,-1.0882,0.5244,0.0518,0.2077,-0.9587,0.7424,0.0000,0.6390,-1.4000,0.7540,0.0000,0.6390,-1.4000,0.7540,-2.5000,-2.5000,2.5000,-0.0019,2.5000,-2.5000,2.5000,0.0031
1.3333,-0.0415,0.3197,-0.5612,0.8840,0.0491,0.1982,-0.9480,0.7950,0.0000,0.6390,-1.4000,0.7540,0.0000,0.6390,-1.4000,0.7540,-2.5000,-2.5000,2.5000,-0.0100,2.5000,-2.5000,2.5000,-0.0091
1.3400,-0.0378,0.1638,-0.3280,1.2526,0.0458,0.1637,-0.9378,0.8426,0.0000,0.6390,-1.4000,0.7540,0.0000,0.6390,-1.4000,0.7540,-2.5000,2.5000,2.5000,-0.0100,2.5000,-2.5000,2.5000,0.0068
1.3467,-0.0347,0.0738,-0.2685,1.1668,0.0423,0.1460,-0.9313,0.6860,0.0000,0.6390,-1.4000,0.7540,0.0000,0.6390,-1.4000,0.7540,-2.5000,2.5000,2.5000,0.0043,2.5000,-2.5000,2.5000,0.0015
1.3533,-0.0322,0.0433,-0.3008,0.9257,0.0390,0.1395,-0.9263,0.7676,0.0000,0.6390,-1.4000,0.7540,0.0000,0.6390,-1.4000,0.7540,-2.5000,2.5000,2.5000,0.0007,2.5000,-2.5000,2.5000,-0.0070
1.3600,-0.0304,0.0523,-0.3745,0.8849,0.0357,0.1388,-0.9226,0.8013,0.0000,0.6390,-1.4000,0.7540,0.0000,0.6390,-1.4000,0.7540,-2.5000,2.5000,2.5000,-0.0034,2.5000,-2.5000,-2.5000,0.0057
1.3667,-0.0298,0.0796,-0.4613,0.8219,0.0321,0.1479,-0.9672,0.7423,0.0000,0.6390,-1.4000,0.7540,0.0000,0.6390,-1.4000,0.7540,-2.5000,2.5000,2.5000,0.0059,2.5000,-2.5000,-2.5000,-0.0100
1.3733,-0.0294,0.1220,-0.5468,0.8058,0.0292,0.1950,-1.1382,1.3961,0.0000,0.6390,-1.4000,0.7540,0.0000,0.6390,-1.4000,0.7540,1.8818,-2.5000,2.5000,-0.0088,2.5000,-2.5000,2.5000,-0.0100
1.3800,-0.0244,0.1686,-0.6224,0.8801,0.0275,0.2403,-1.3687,2.8030,0.0000,0.6390,-1.4000,0.7540,0.0000,0.6390,-1.4000,0.7540,1.8818,-2.5000,2.5000,0.0033,2.5000,-2.5000,2.5000,-0.0100
1.3867,-0.0033,0.1907,-0.6835,0.7929,0.0272,0.2443,-1.4230,3.5054,0.0000,0.6390,-1.4000,0.7540,0.0000,0.6390,-1.4000,0.7540,-2.5000,2.5000,2.5000,-0.0013,0.0725,2.5000,2.5000,-0.0100
1.3933,0.0207,0.1976,-0.7327,0.8179,0.0204,0.2329,-1.3293,3.4723,0.0000,0.6390,-1.4000,0.7540,0.0000,0.6390,-1.4000,0.7540,-2.5000,2.5000,2.5000,-0.0013,0.0725,2.5000,2.5000,-0.0100
1.4000,0.0104,0.2383,-0.7760,0.7483,-0.0110,0.2161,-1.0198,2.6385,0.0000,0.6390,-1.4000,0.7540,0.0000,0.6390,-1.4000,0.7540,-2.5000,-2.5000,2.5000,0.0064,2.5000,-2.5000,2.5000,-0.0002
1.4067,-0.0222,0.2868,-0.8100,0.7429,-0.0376,0.2126,-0.7799,1.4796,0.0000,0.6390,-1.4000,0.7540,0.0000,0.6390,-1.4000,0.7540,-2.5000,-2.5000,2.5000,-0.0086,2.5000,-2.5000,2.5000,0.0100
1.4133,-0.0415,0.2882,-0.8316,0.8291,-0.0324,0.1898,-0.6685,0.6414,0.0000,0.6390,-1.4000,0.7540,0.0000,0.6390,-1.4000,0.7540,-2.5000,-2.5000,2.5000,0.0041,2.5000,-2.5000,2.5000,0.0100
1.4200,-0.0488,0.2494,-0.8455,0.7922,0.0014,0.1626,-0.6337,0.4477,0.0000,0.6390,-1.4000,0.7540,0.0000,0.6390,-1.4000,0.7540,-2.5000,2.5000,2.5000,-0.0057,-2.5000,-2.5000,2.5000,0.0049
1.4267,-0.0500,0.1955,-0.8566,0.8451,0.0414,0.1495,-0.6415,0.7814,0.0000,0.6390,-1.4000,0.7540,0.0000,0.6390,-1.4000,0.7540,-2.5000,2.5000,2.5000,0.0018,-2.5000,-2.5000,2.5000,-0.0100
1.4333,-0.0488,0.1697,-0.8700,0.6908,0.0569,0.1449,-0.6685,1.1818,0.0000,0.6390,-1.4000,0.7540,0.0000,0.6390,-1.4000,0.7540,-2.5000,2.5000,2.5000,0.0088,-2.5000,-2.5000,2.5000,-0.0100
1.4400,-0.0463,0.1732,-0.8837,0.7969,0.0505,0.1447,-0.7026,1.0333,0.0000,0.6390,-1.4000,0.7540,0.0000,0.6390,-1.4000,0.7540,-2.5000,2.5000,2.5000,-0.0100,-2.5000,-2.5000,2.5000,0.0100
1.4467,-0.0436,0.2068,-0.8962,1.0842,0.0219,0.1466,-0.7372,0.6318,0.0000,0.6390,-1.4000,0.7540,0.0000,0.6390,-1.4000,0.7540,-2.5000,-2.5000,2.5000,-0.0100,2.5000,0.5858,2.5000,0.0100
1.4533,-0.0404,0.2486,-0.9042,0.8125,-0.0126,0.1499,-0.7698,0.7764,0.0000,0.6390,-1.4000,0.7540,0.0000,0.6390,-1.4000,0.7540,-2.5000,-2.5000,2.5000,0.0100,2.5000,0.5858,2.5000,-0.0100
1.4600,-0.0368,0.2591,-0.9053,0.5170,-0.0243,0.1547,-0.7994,0.9552,0.0000,0.6390,-1.4000,0.7540,0.0000,0.6390,-1.4000,0.7540,-0.2644,-1.6866,2.5000,0.0084,0.5855,0.5552,2.5000,-0.0014
1.4667,-0.0330,0.2403,-0.9033,0.7974,-0.0179,0.1599,-0.8246,0.6838,0.0000,0.6390,-1.4000,0.7540,0.0000,0.6390,-1.4000,0.7540,-0.2644,-1.6866,2.5000,-0.0100,0.5855,0.5552,2.5000,0.0100
1.4733,-0.0285,0.1993,-0.9004,1.0880,-0.0062,0.1653,-0.8451,0.6181,0.0000,0.6390,-1.4000,0.7540,0.0000,0.6390,-1.4000,0.7540,-0.1171,2.5000,2.5000,-0.0100,-2.5000,-2.1119,2.5000,-0.0063
1.4800,-0.0240,0.1563,-0.8997,0.7990,-0.0000,0.1700,-0.8609,0.8108,0.0000,0.6390,-1.4000,0.7540,0.0000,0.6390,-1.4000,0.7540,-0.1171,2.5000,2.5000,0.0100,-2.5000,-2.1119,2.5000,-0.0038
1.4867,-0.0207,0.1460,-0.9036,0.4484,-0.0174,0.1728,-0.8718,0.7205,0.0000,0.6390,-1.4000,0.7540,0.0000,0.6390,-1.4000,0.7540,-0.2596,2.5000,2.5000,0.0100,2.5000,-1.6093,2.5000,0.0100
1.4933,-0.0076,0.1648,-0.9094,0.6638,-0.0229,0.1742,-0.8799,0.6851,0.0000,0.6390,-1.4000,0.7540,0.0000,0.6390,-1.4000,0.7540,-0.2406,-2.2131,2.5000,-0.0100,-1.3086,-0.7101,2.5000,-0.0097
1.5000,0.0139,0.1949,-0.9134,1.0617,-0.0095,0.1751,-0.8863,0.8359,0.0000,0.6390,-1.4000,0.7540,0.0000,0.6390,-1.4000,0.7540,-0.2406,-2.2131,2.5000,-0.0100,-1.3086,-0.7101,2.5000,0.0024
1.5067,0.0253,0.1969,-0.9121,0.9102,-0.0098,0.1754,-0.8925,0.7635,0.0000,0.6390,-1.4000,0.7540,0.0000,0.6390,-1.4000,0.7540,-2.4827,1.2525,2.5000,0.0100,1.1670,0.5605,2.5000,0.0002
1.5133,0.0246,0.1837,-0.9101,0.5792,-0.0172,0.1779,-0.8982,0.7838,0.0000,0.6390,-1.4000,0.7540,0.0000,0.6390,-1.4000,0.7540,-0.8880,2.2348,2.5000,0.0099,1.8966,-1.6509,2.5000,-0.0023
1.5200,0.0127,0.1876,-0.9116,0.8027,-0.0151,0.1840,-0.9024,0.7742,0.0000,0.6390,-1.4000,0.7540,0.0000,0.6390,-1.4000,0.7540,-0.8880,2.2348,2.5000,-0.0100,1.8966,-1.6509,2.5000,0.0028
1.5267,0.0039,0.2170,-0.9154,1.0475,0.0078,0.1867,-0.9042,0.7778,0.0000,0.6390,-1.4000,0.7540,0.0000,0.6390,-1.4000,0.7540,2.5000,-2.5000,2.5000,-0.0076,-2.5000,-2.4673,2.5000,-0.0050
1.5333,-0.0030,0.2542,-0.9174,0.7414,0.0324,0.1866,-0.9051,0.8180,0.0000,0.6390,-1.4000,0.7540,0.0000,0.6390,-1.4000,0.7540,1.7362,-2.5000,2.5000,0.0100,-2.5000,-1.6124,2.5000,0.0023
1.5400,0.0001,0.2578,-0.9139,0.3534,0.0378,0.1844,-0.9063,0.7212,0.0000,0.6390,-1.4000,0.7540,0.0000,0.6390,-1.4000,0.7540,1.7362,-2.5000,2.5000,0.0100,-2.5000,-1.6124,2.5000,0.0033
1.5467,0.0090,0.2277,-0.9080,0.5552,0.0211,0.1815,-0.9078,0.7754,0.0000,0.6390,-1.4000,0.7540,0.0000,0.6390,-1.4000,0.7540,-2.5000,2.5000,2.5000,-0.0100,2.2207,1.6973,2.5000,-0.0082
1.5533,0.0146,0.1912,-0.9044,0.9557,-0.0070,0.1903,-0.9102,0.7879,0.0000,0.6390,-1.4000,0.7540,0.0000,0.6390,-1.4000,0.7540,-2.5000,2.5000,2.5000,-0.0100,2.2207,1.6973,2.5000,0.0098
1.5600,0.0073,0.1940,-0.9071,0.7714,-0.0209,0.2291,-0.9142,0.8059,0.0000,0.6390,-1.4000,0.7540,0.0000,0.6390,-1.4000,0.7540,-1.2393,-2.5000,2.5000,0.0100,2.5000,-2.5000,2.5000,-0.0100
1.5667,-0.0045,0.2029,-0.9099,0.3921,-0.0134,0.2685,-0.9160,1.0060,0.0000,0.6390,-1.4000,0.7540,0.0000,0.6390,-1.4000,0.7540,-1.2393,-2.5000,2.5000,0.0100,2.5000,-2.5000,2.5000,-0.0058
1.5733,-0.0138,0.1729,-0.9086,0.5977,0.0184,0.2642,-0.9125,0.7774,0.0000,0.6390,-1.4000,0.7540,0.0000,0.6390,-1.4000,0.7540,-2.5000,2.5000,2.5000,-0.0100,-2.5000,-2.5000,2.5000,0.0100
1.5800,-0.0195,0.1543,-0.9100,1.0500,0.0430,0.2305,-0.9068,0.4906,0.0000,0.6390,-1.4000,0.7540,0.0000,0.6390,-1.4000,0.7540,0.6313,2.5000,2.5000,-0.0100,-2.5000,2.5000,2.3799,0.0100
1.5867,-0.0226,0.1681,-0.9140,0.9328,0.0451,0.1965,-0.9038,0.7660,0.0000,0.6390,-1.4000,0.7540,0.0000,0.6390,-1.4000,0.7540,0.6313,2.5000,2.5000,0.0100,-2.5000,2.5000,2.3799,-0.0100
1.5933,-0.0231,0.2208,-0.9193,0.7515,0.0277,0.2019,-0.9073,1.0649,0.0000,0.6390,-1.4000,0.7540,0.0000,0.6390,-1.4000,0.7540,2.5000,-2.5000,2.5000,-0.0041,2.5000,2.2159,-2.4756,-0.0100
1.6000,-0.0131,0.2923,-0.9223,0.9115,0.0048,0.2621,-1.0226,0.8464,0.0000,0.6390,-1.4000,0.7540,0.0000,0.6390,-1.4000,0.7540,-2.0654,-2.5000,2.5000,-0.0093,2.5000,-2.5000,2.5000,0.0100
1.6067,0.0203,0.3321,-0.9191,0.7740,0.0147,0.3421,-1.2482,0.5247,0.0000,0.6390,-1.4000,0.7540,0.0000,0.6390,-1.4000,0.7540,-2.0654,-2.5000,2.5000,0.0100,2.5000,-2.5000,2.5000,0.0100
1.6133,0.0383,0.3215,-0.9126,0.6499,0.0234,0.3043,-1.1207,0.5300,0.0000,0.6390,-1.4000,0.7540,0.0000,0.6390,-1.4000,0.7540,-2.5000,0.9649,-2.5000,-0.0051,2.5000,-2.5000,2.5000,-0.0013
1.6200,0.0326,0.2995,-1.0104,0.9594,0.0271,0.1978,-0.8713,0.8725,0.0000,0.6390,-1.4000,0.7540,0.0000,0.6390,-1.4000,0.7540,-2.5000,-2.5000,2.5000,-0.0100,2.5000,2.5000,2.5000,-0.0100
1.6267,-0.0054,0.2945,-1.2218,0.9948,0.0280,0.1183,-0.7521,1.0891,0.0000,0.6390,-1.4000,0.7540,0.0000,0.6390,-1.4000,0.7540,-2.5000,-2.5000,2.5000,0.0100,2.5000,2.5000,2.5000,-0.0093
1.6333,-0.0459,0.1939,-1.0794,0.7418,0.0276,0.0867,-0.7114,0.7822,0.0000,0.6390,-1.4000,0.7540,0.0000,0.6390,-1.4000,0.7540,-2.5000,2.5000,2.5000,0.0061,2.5000,-2.5000,2.5000,0.0100
1.6400,-0.0640,0.0879,-0.8523,0.9391,0.0276,0.0869,-0.7108,0.2621,0.0000,0.6390,-1.4000,0.7540,0.0000,0.6390,-1.4000,0.7540,-2.5000,2.5000,2.5000,-0.0100,2.5000,-2.5000,2.5000,0.0100
1.6467,-0.0694,0.0484,-0.7492,1.1306,0.0277,0.0955,-0.7272,0.3052,0.0000,0.6390,-1.4000,0.7540,0.0000,0.6390,-1.4000,0.7540,-2.5000,2.5000,-2.5000,-0.0089,0.5100,-2.5000,2.5000,-0.0025
1.6533,-0.0680,0.0764,-0.8265,0.8750,0.0273,0.1062,-0.7508,0.7366,0.0000,0.6390,-1.4000,0.7540,0.0000,0.6390,-1.4000,0.7540,-2.5000,2.5000,-2.5000,0.0100,0.5100,-2.5000,2.5000,-0.0100
1.6600,-0.0635,0.2084,-1.2900,0.8960,0.0265,0.1171,-0.7756,0.8495,0.0000,0.6390,-1.4000,0.7540,0.0000,0.6390,-1.4000,0.7540,-2.5000,-2.5000,2.5000,-0.0100,2.5000,2.5000,2.5000,0.0051
1.6667,-0.0579,0.3450,-1.8238,1.1822,0.0256,0.1325,-0.8004,0.6754,0.0000,0.6390,-1.4000,0.7540,0.0000,0.6390,-1.4000,0.7540,1.0897,-2.5000,2.5000,-0.0100,2.5000,2.5000,2.5000,0.0055
1.6733,-0.0443,0.3942,-2.0636,0.7008,0.0249,0.1629,-0.8256,0.7751,0.0000,0.6390,-1.4000,0.7540,0.0000,0.6390,-1.4000,0.7540,1.0897,-2.5000,2.5000,0.0100,2.5000,2.5000,2.5000,-0.0100
1.6800,-0.0041,0.3801,-2.0514,-0.0032,0.0247,0.2110,-0.8485,0.7529,0.0000,0.6390,-1.4000,0.7540,0.0000,0.6390,-1.4000,0.7540,-2.5000,-1.6021,2.5000,0.0100,-2.3976,2.0896,2.5000,0.0100
1.6867,0.0348,0.3063,-1.7833,-0.3045,0.0074,0.2785,-0.8680,0.4533,0.0000,0.6390,-1.4000,0.7540,0.0000,0.6390,-1.4000,0.7540,-2.5000,-2.5000,2.5000,0.0100,2.5000,-2.5000,2.5000,0.0100
1.6933,0.0327,0.1486,-1.2212,-0.2230,-0.0375,0.3392,-0.8814,0.6955,0.0000,0.6390,-1.4000,0.7540,0.0000,0.6390,-1.4000,0.7540,-2.5000,-2.5000,2.5000,0.0100,2.5000,-2.5000,2.5000,-0.0100
1.7000,0.0240,0.0207,-0.6505,0.4071,-0.0525,0.3763,-0.8873,0.9948,0.0000,0.6390,-1.4000,0.7540,0.0000,0.6390,-1.4000,0.7540,-2.5000,-2.5000,2.5000,-0.0100,2.5000,-2.5000,2.5000,-0.0096
1.7067,0.0023,-0.0280,-0.3896,1.5154,-0.0452,0.3902,-0.8889,0.7345,0.0000,0.6390,-1.4000,0.7540,0.0000,0.6390,-1.4000,0.7540,-2.5000,-2.5000,-2.5000,-0.0100,2.5000,-2.5000,2.5000,0.0100
1.7133,-0.0260,-0.0322,-0.3752,2.2746,-0.0155,0.3718,-0.8881,0.3192,0.0000,0.6390,-1.4000,0.7540,0.0000,0.6390,-1.4000,0.7540,-2.5000,-2.5000,-2.5000,-0.0100,2.5000,-2.5000,2.5000,0.0100
1.7200,-0.0407,-0.0063,-0.6740,2.7343,0.0387,0.3131,-0.8857,0.4927,0.0000,0.6390,-1.4000,0.7540,0.0000,0.6390,-1.4000,0.7540,0.5042,-2.5000,2.5000,-0.0100,2.0304,2.5000,2.5000,-0.0100
1.7267,-0.0467,0.0249,-1.0859,2.7248,0.0689,0.2395,-0.8850,0.9336,0.0000,0.6390,-1.4000,0.7540,0.0000,0.6390,-1.4000,0.7540,0.5042,-2.5000,2.5000,-0.0100,2.0304,2.5000,2.5000,-0.0100
1.7333,-0.0468,0.0497,-1.2554,1.8962,0.0796,0.2091,-0.8901,0.8070,0.0000,0.6390,-1.4000,0.7540,0.0000,0.6390,-1.4000,0.7540,2.5000,-2.5000,2.5000,0.0100,2.0977,2.5000,-1.2610,0.0100
1.7400,-0.0384,0.0699,-1.1727,0.5718,0.0798,0.2350,-0.9664,0.4527,0.0000,0.6390,-1.4000,0.7540,0.0000,0.6390,-1.4000,0.7540,2.5000,-2.5000,2.5000,0.0100,2.0977,2.5000,-1.2610,0.0100
1.7467,-0.0133,0.0871,-0.9307,-0.3430,0.0751,0.3443,-1.2608,0.7860,0.0000,0.6390,-1.4000,0.7540,0.0000,0.6390,-1.4000,0.7540,-2.5000,-2.5000,2.5000,0.0100,0.0754,-2.5000,2.5000,-0.0100
1.7533,0.0171,0.1039,-0.7949,-0.5776,0.0673,0.4653,-1.5854,1.3925,0.0000,0.6390,-1.4000,0.7540,0.0000,0.6390,-1.4000,0.7540,-2.5000,-2.5000,2.5000,0.0100,2.5000,-2.5000,2.5000,-0.0100
1.7600,0.0331,0.1174,-0.7373,-0.1632,0.0549,0.4945,-1.6160,1.2385,0.0000,0.6390,-1.4000,0.7540,0.0000,0.6390,-1.4000,0.7540,-2.5000,-2.5000,2.5000,-0.0079,2.5000,-2.5000,2.5000,0.0100
1.7667,0.0375,0.1279,-0.7243,0.3840,0.0456,0.4325,-1.3542,0.8338,0.0000,0.6390,-1.4000,0.7540,0.0000,0.6390,-1.4000,0.7540,-2.5000,-2.5000,-2.5000,-0.0063,2.5000,-2.5000,2.5000,0.0098
1.7733,0.0248,0.1415,-0.8104,0.5760,0.0388